<metadata xml:lang="en"><Esri><CreaDate>20170515</CreaDate><CreaTime>06401200</CreaTime><ArcGISFormat>1.0</ArcGISFormat><ArcGISstyle>FGDC CSDGM Metadata</ArcGISstyle><SyncOnce>FALSE</SyncOnce><DataProperties><lineage><Process ToolSource="d:\arcgis\desktop10.3\ArcToolbox\Toolboxes\Data Management Tools.tbx\CreateTable" Date="20170515" Time="064012">CreateTable R:\qsec\Cadastral\XportData\Exports20170515\FC_copies\FC_copies.gdb ZONING_SINGLELOOKUP 'Database Connections\GISUSER on GISP.sde\DPD.ZONING_SINGLELOOKUP' #</Process><Process ToolSource="d:\arcgis\desktop10.3\ArcToolbox\Toolboxes\Data Management Tools.tbx\Append" Date="20170515" Time="064017">Append 'Database Connections\GISUSER on GISP.sde\DPD.ZONING_SINGLELOOKUP' R:\qsec\Cadastral\XportData\Exports20170515\FC_copies\FC_copies.gdb\ZONING_SINGLELOOKUP TEST # #</Process><Process ToolSource="d:\arcgis\desktop10.3\ArcToolbox\Toolboxes\Data Management Tools.tbx\AddField" Date="20170515" Time="064021">AddField R:\qsec\Cadastral\XportData\Exports20170515\FC_copies\FC_copies.gdb\ZONING_SINGLELOOKUP DESCRIP1 TEXT # # 254 # NULLABLE NON_REQUIRED #</Process><Process ToolSource="d:\arcgis\desktop10.3\ArcToolbox\Toolboxes\Data Management Tools.tbx\AddField" Date="20170515" Time="064025">AddField R:\qsec\Cadastral\XportData\Exports20170515\FC_copies\FC_copies.gdb\ZONING_SINGLELOOKUP DESCRIP2 TEXT # # 254 # NULLABLE NON_REQUIRED #</Process><Process ToolSource="d:\arcgis\desktop10.3\ArcToolbox\Toolboxes\Data Management Tools.tbx\AddField" Date="20170515" Time="064029">AddField R:\qsec\Cadastral\XportData\Exports20170515\FC_copies\FC_copies.gdb\ZONING_SINGLELOOKUP DESCRIP3 TEXT # # 254 # NULLABLE NON_REQUIRED #</Process><Process ToolSource="d:\arcgis\desktop10.3\ArcToolbox\Toolboxes\Data Management Tools.tbx\AddField" Date="20170515" Time="064033">AddField R:\qsec\Cadastral\XportData\Exports20170515\FC_copies\FC_copies.gdb\ZONING_SINGLELOOKUP DESCRIP4 TEXT # # 254 # NULLABLE NON_REQUIRED #</Process><Process ToolSource="d:\arcgis\desktop10.3\ArcToolbox\Toolboxes\Data Management Tools.tbx\AddField" Date="20170515" Time="064038">AddField R:\qsec\Cadastral\XportData\Exports20170515\FC_copies\FC_copies.gdb\ZONING_SINGLELOOKUP DESCRIP5 TEXT # # 254 # NULLABLE NON_REQUIRED #</Process><Process ToolSource="d:\arcgis\desktop10.3\ArcToolbox\Toolboxes\Data Management Tools.tbx\AddField" Date="20170515" Time="064042">AddField R:\qsec\Cadastral\XportData\Exports20170515\FC_copies\FC_copies.gdb\ZONING_SINGLELOOKUP DESCRIP6 TEXT # # 254 # NULLABLE NON_REQUIRED #</Process><Process ToolSource="d:\arcgis\desktop10.3\ArcToolbox\Toolboxes\Data Management Tools.tbx\DeleteField" Date="20170515" Time="064054">DeleteField R:\qsec\Cadastral\XportData\Exports20170515\FC_copies\FC_copies.gdb\ZONING_SINGLELOOKUP PUBLIC_DESCRIPTION</Process><Process ToolSource="d:\arcgis\desktop10.3\ArcToolbox\Toolboxes\Data Management Tools.tbx\CopyRows" Date="20170515" Time="064143">CopyRows R:\qsec\Cadastral\XportData\Exports20170515\FC_copies\FC_copies.gdb\ZONING_SINGLELOOKUP R:\qsec\Cadastral\XportData\Exports20170515\City_of_Seattle_Zoning\WGS84\ZONING_SINGLELOOKUP.dbf #</Process></lineage><itemProps><itemName Sync="TRUE">ZONING_SINGLELOOKUP</itemName><imsContentType Sync="TRUE">002</imsContentType><itemSize Sync="TRUE">0.000</itemSize><itemLocation><linkage Sync="TRUE">file://\\spu52\SPU GIS\qsec\Cadastral\XportData\Exports20170515\City_of_Seattle_Zoning\WGS84\ZONING_SINGLELOOKUP.dbf</linkage><protocol Sync="TRUE">Local Area Network</protocol></itemLocation></itemProps></DataProperties><SyncDate>20170515</SyncDate><SyncTime>06414300</SyncTime><ModDate>20170515</ModDate><ModTime>06414300</ModTime></Esri><dataIdInfo><envirDesc Sync="TRUE">Microsoft Windows 7 Version 6.1 (Build 7601) Service Pack 1; Esri ArcGIS 10.3.1.4959</envirDesc><dataLang><languageCode value="eng" Sync="TRUE"></languageCode><countryCode value="USA" Sync="TRUE"></countryCode></dataLang><idCitation><resTitle Sync="TRUE">ZONING_SINGLELOOKUP</resTitle><presForm><PresFormCd value="011" Sync="TRUE"></PresFormCd></presForm></idCitation><spatRpType><SpatRepTypCd value="003" Sync="TRUE"></SpatRepTypCd></spatRpType></dataIdInfo><mdLang><languageCode value="eng" Sync="TRUE"></languageCode><countryCode value="USA" Sync="TRUE"></countryCode></mdLang><distInfo><distFormat><formatName Sync="TRUE">dBASE Table</formatName></distFormat><distTranOps><transSize Sync="TRUE">0.000</transSize></distTranOps></distInfo><mdHrLv><ScopeCd value="007" Sync="TRUE"></ScopeCd></mdHrLv><mdHrLvName Sync="TRUE">dataset</mdHrLvName><eainfo><detailed Name="ZONING_SINGLELOOKUP"><enttyp><enttypl Sync="TRUE">ZONING_SINGLELOOKUP</enttypl><enttypt Sync="TRUE">Table</enttypt><enttypc Sync="TRUE">0</enttypc></enttyp><attr><attrlabl Sync="TRUE">OID</attrlabl><attalias Sync="TRUE">OID</attalias><attrtype Sync="TRUE">OID</attrtype><attwidth Sync="TRUE">4</attwidth><atprecis Sync="TRUE">0</atprecis><attscale Sync="TRUE">0</attscale><attrdef Sync="TRUE">Internal feature number.</attrdef><attrdefs Sync="TRUE">Esri</attrdefs><attrdomv><udom Sync="TRUE">Sequential unique whole numbers that are automatically generated.</udom></attrdomv></attr><attr><attrlabl Sync="TRUE">ANYCODE</attrlabl><attalias Sync="TRUE">ANYCODE</attalias><attrtype Sync="TRUE">String</attrtype><attwidth Sync="TRUE">25</attwidth><atprecis Sync="TRUE">0</atprecis><attscale Sync="TRUE">0</attscale></attr><attr><attrlabl Sync="TRUE">DESCRIPTIO</attrlabl><attalias Sync="TRUE">DESCRIPTIO</attalias><attrtype Sync="TRUE">String</attrtype><attwidth Sync="TRUE">254</attwidth><atprecis Sync="TRUE">0</atprecis><attscale Sync="TRUE">0</attscale></attr><attr><attrlabl Sync="TRUE">DESCRIP1</attrlabl><attalias Sync="TRUE">DESCRIP1</attalias><attrtype Sync="TRUE">String</attrtype><attwidth Sync="TRUE">254</attwidth><atprecis Sync="TRUE">0</atprecis><attscale Sync="TRUE">0</attscale></attr><attr><attrlabl Sync="TRUE">DESCRIP2</attrlabl><attalias Sync="TRUE">DESCRIP2</attalias><attrtype Sync="TRUE">String</attrtype><attwidth Sync="TRUE">254</attwidth><atprecis Sync="TRUE">0</atprecis><attscale Sync="TRUE">0</attscale></attr><attr><attrlabl Sync="TRUE">DESCRIP3</attrlabl><attalias Sync="TRUE">DESCRIP3</attalias><attrtype Sync="TRUE">String</attrtype><attwidth Sync="TRUE">254</attwidth><atprecis Sync="TRUE">0</atprecis><attscale Sync="TRUE">0</attscale></attr><attr><attrlabl Sync="TRUE">DESCRIP4</attrlabl><attalias Sync="TRUE">DESCRIP4</attalias><attrtype Sync="TRUE">String</attrtype><attwidth Sync="TRUE">254</attwidth><atprecis Sync="TRUE">0</atprecis><attscale Sync="TRUE">0</attscale></attr><attr><attrlabl Sync="TRUE">DESCRIP5</attrlabl><attalias Sync="TRUE">DESCRIP5</attalias><attrtype Sync="TRUE">String</attrtype><attwidth Sync="TRUE">254</attwidth><atprecis Sync="TRUE">0</atprecis><attscale Sync="TRUE">0</attscale></attr><attr><attrlabl Sync="TRUE">DESCRIP6</attrlabl><attalias Sync="TRUE">DESCRIP6</attalias><attrtype Sync="TRUE">String</attrtype><attwidth Sync="TRUE">254</attwidth><atprecis Sync="TRUE">0</atprecis><attscale Sync="TRUE">0</attscale></attr></detailed></eainfo><mdDateSt Sync="TRUE">20170515</mdDateSt></metadata>
